{"loss": 0.6931471824645996, "_timestamp": 1728499354.138509, "_runtime": 3065.002023935318, "_step": 63629, "val_loss": 0.6931471824645996, "_wandb": {"runtime": 3064}}